asin,catégorie
B091SMFVWC,téléviseurs
B091T69V8F,téléviseurs
B0886PNNMR,téléviseurs
B092KHNC7L,téléviseurs
B094KXD65K,téléviseurs
B09HJ6VG26,téléviseurs
B08DRQRGC5,téléviseurs
B096Y6PYXR,téléviseurs
B08PD7V1WJ,téléviseurs
B091P23VBL,téléviseurs
B0824972R6,téléviseurs
B09LMNZYBZ,téléviseurs
B08DRLLTCD,téléviseurs
B08PDQBJQW,téléviseurs
B097BRLC34,téléviseurs
B08Y5RBF45,téléviseurs
B07X5CWWQN,téléviseurs
B098JLJXF9,téléviseurs
B093TLTXS5,téléviseurs
B09NRRK59K,téléviseurs
B08TW167TD,téléviseurs
B08PDC96Q3,téléviseurs
B08QJ3B558,téléviseurs
B08HKJ9XBN,téléviseurs
B09DZ2NN4S,téléviseurs
B094L865JZ,téléviseurs
B083T1HSL2,téléviseurs
B08QV9966N,téléviseurs
B09715W8G1,téléviseurs
B09RKDDGTX,téléviseurs
B099FF6RXP,téléviseurs
B099FK4R7D,téléviseurs
B0924J83VN,téléviseurs
B07X35S11S,téléviseurs
B08Y6ZJN4P,téléviseurs
B08PDQ73T4,téléviseurs
B07Q124XGQ,téléviseurs
B08PDD19KQ,téléviseurs
B083QXCKY5,téléviseurs
B088HJ47Q5,téléviseurs
B09MZMWGLR,téléviseurs
B087K78GWL,téléviseurs
B08DRPW5RH,téléviseurs
B08F7K81GM,téléviseurs
B094KR3MTV,téléviseurs
B08PKV8XR7,téléviseurs
B09GRDCWX5,téléviseurs
B096Y89L23,téléviseurs
B08TMGSMGF,téléviseurs
B08J4FJTHB,téléviseurs
B08PDQMKN9,téléviseurs
B091SMFVWC,téléviseurs
B091T69V8F,téléviseurs
B0886PNNMR,téléviseurs
B08H2FPPNW,téléviseurs
B09B19M264,téléviseurs
B09LHR46G7,téléviseurs
B08PDQ656T,téléviseurs
B08PD76QSS,téléviseurs
B08DRKB6Y6,téléviseurs
B088G8CZB1,téléviseurs
B09MZL29ZP,téléviseurs
B08ZY3BTCL,téléviseurs
B09GYF1T5V,téléviseurs
B08ZXDXTXV,téléviseurs
B08HDKTK7R,téléviseurs
B091V3CR63,téléviseurs
B09WN8QVFT,téléviseurs
B07Q4GH7D5,téléviseurs
B094KPLMRD,téléviseurs
B08BLSN4J8,téléviseurs
B09FXTLGMX,téléviseurs
B08Y91L5YY,téléviseurs
B08PDPH9MQ,téléviseurs
B08MBBZY8Z,téléviseurs
B08ZSZT1WK,téléviseurs
B092DQYPN2,téléviseurs
B08K94QF2Q,téléviseurs
B08PDJL4B7,téléviseurs
B0977D67DK,téléviseurs
B08SWN8J4T,téléviseurs
B09QSPBX5N,téléviseurs
B084HKYXV5,téléviseurs
B093DY36FF,téléviseurs
B07M8146LD,téléviseurs
B089NLSV55,téléviseurs
B091FBWCMG,téléviseurs
B09W33H82W,téléviseurs
B08Y6XVCXC,téléviseurs
B09593D1NS,téléviseurs
B08PDJSLJT,téléviseurs
B08CNMQQMZ,téléviseurs
B09H7BB9XF,téléviseurs
B08J3XTXX8,téléviseurs
B086M2FX9W,téléviseurs
B09L81L4BC,téléviseurs
B09MKWBMHK,téléviseurs
B08BWYWZCV,téléviseurs
B09QSWRHVT,téléviseurs
B08LW5YMLJ,téléviseurs
B08CVMTC72,téléviseurs
B09KYHGMVC,téléviseurs
B09QS7SRYQ,smartphones
B08CH5JY5D,smartphones
B09QH6KD26,smartphones
B09RZYRTF1,smartphones
B09TPZ8QGV,smartphones
B09GXKYR3H,smartphones
B09B128QN1,smartphones
B08VH8FN2V,smartphones
B09N9VD53P,smartphones
B09L7BSHND,smartphones
B09TBLXFQ1,smartphones
B09PBVRXQ6,smartphones
B08DW2MZ6R,smartphones
B0943KWWG2,smartphones
B09FPRRL7G,smartphones
B093TH4PVF,smartphones
B094XYSCBT,smartphones
B09L88FZ95,smartphones
B093J4956Q,smartphones
B0974XNWJW,smartphones
B099RMF91H,smartphones
B07R86HHGC,smartphones
B09BRFHPQP,smartphones
B09BRF8HN6,smartphones
B09RKGNSH5,smartphones
B08FMPHFFP,smartphones
B093LRHBQR,smartphones
B09SHW3QPG,smartphones
B08Q8KMVYP,smartphones
B09TKNYXYM,smartphones
B09HCTTSP4,smartphones
B07XVRL87J,smartphones
B08GJHZKBX,smartphones
B098X1XT1K,smartphones
B08R941WCR,smartphones
B09QGMKWLJ,smartphones
B095MLX9FM,smartphones
B09BRFHNT6,smartphones
B00C3GBRRO,smartphones
B095BMDKGM,smartphones
B09GVTZXWJ,smartphones
B07PVF26Z8,smartphones
B09DL3ZJL4,smartphones
B011B8MA0C,smartphones
B08T6YGHWJ,smartphones
B01GFP8MY4,smartphones
B08Q8KKQ6H,smartphones
B09MWP95DP,smartphones
B09K4DHT8D,smartphones
B09XDYLSS5,smartphones
B09L7C7BYJ,smartphones
B083L66XNY,smartphones
B09BZQTRZW,smartphones
B08Q8KKQ6H,smartphones
B09GVTZXWJ,smartphones
B093LRHBQR,smartphones
B09RKGNSH5,smartphones
B093WFY7JD,smartphones
B09D224JV2,smartphones
B08Q8HBN9S,smartphones
B08778JXCT,smartphones
B095MLX9FM,smartphones
B09BRFHNT6,smartphones
B098XR12XV,smartphones
B0751GCKKT,smartphones
B096B33Q8P,smartphones
B092QGSBD2,smartphones
B09MWP95DP,smartphones
B09FKJNQZ6,smartphones
B082454WJQ,smartphones
B088TDP3QQ,smartphones
B0921YN6CJ,smartphones
B09499KQXK,smartphones
B087SGZ7L9,smartphones
B08P244WYC,smartphones
B0888QNM2S,smartphones
B08T6YGHWJ,smartphones
B07PVF26Z8,smartphones
B09VMYVWL2,smartphones
B0855HFQP1,smartphones
B08YDYGXYJ,smartphones
B09MWM95BM,smartphones
B08Q8KNSNN,smartphones
B09GPFN6SQ,smartphones
B09VC435GQ,smartphones
B08VZGJSY7,smartphones
B08XM71631,smartphones
B06XW9R6QK,smartphones
B09MCTN2CF,smartphones
B09HTTTLJ2,smartphones
B086QCJXDS,smartphones
B09LQK6DS6,smartphones
B095XB9CPF,smartphones
B09BGB5BMM,smartphones
B09LC98W5N,smartphones
B09K7VDMSW,smartphones
B01N2Z5DIY,smartphones
B08ZH85PQJ,smartphones
B085MQVFMM,smartphones
